{
  "version": 1,
  "author": "Anonymous maker",
  "editor": "wokwi",
  "parts": [
    { "type": "wokwi-arduino-uno", "id": "uno", "top": 39, "left": -19.8, "attrs": {} },
    { "type": "wokwi-dht22", "id": "dht1", "top": -47.7, "left": 282.6, "attrs": {} }
  ],
  "connections": [
    [ "dht1:VCC", "uno:5V", "red", [ "v172.8", "h-153.6", "v-9.6" ] ],
    [ "uno:GND.2", "dht1:GND", "black", [ "v19.1", "h176.7" ] ],
    [ "dht1:SDA", "uno:13", "green", [ "v19.2", "h-47.9", "v-76.8", "h9.6" ] ]
  ],
  "dependencies": {}
}